,year,month,week,hour,report_date,shift,offense,method,district
0,2014,6,26,0,6/25/2014,MIDNIGHT,HOMICIDE,OTHERS,7
1,2012,7,28,17,07/12/2012,EVENING,SEX ABUSE,OTHERS,7
2,2014,10,43,17,10/20/2014,EVENING,SEX ABUSE,KNIFE,3
3,2012,4,17,19,4/24/2012,EVENING,SEX ABUSE,OTHERS,1
4,2014,7,29,2,7/13/2014,MIDNIGHT,HOMICIDE,GUN,5
5,2012,6,45,9,07/11/2012,DAY,SEX ABUSE,OTHERS,5
6,2015,4,18,21,4/26/2015,EVENING,SEX ABUSE,OTHERS,4
7,2012,2,7,2,02/12/2012,MIDNIGHT,SEX ABUSE,OTHERS,5
8,2015,4,20,0,5/13/2015,MIDNIGHT,HOMICIDE,KNIFE,7
9,2015,1,1,0,01/02/2015,MIDNIGHT,SEX ABUSE,OTHERS,6
10,2011,4,15,2,04/08/2011,MIDNIGHT,HOMICIDE,GUN,7
11,2015,10,44,19,10/27/2015,EVENING,SEX ABUSE,OTHERS,7
12,2012,6,24,3,6/14/2012,MIDNIGHT,HOMICIDE,GUN,1
13,2013,5,22,7,5/29/2013,DAY,SEX ABUSE,OTHERS,1
14,2015,1,4,19,1/21/2015,EVENING,SEX ABUSE,OTHERS,2
15,2014,10,41,11,10/09/2014,DAY,SEX ABUSE,OTHERS,4
16,2012,10,41,17,10/08/2012,EVENING,SEX ABUSE,OTHERS,6
17,2015,4,15,2,06/04/2015,MIDNIGHT,HOMICIDE,GUN,6
18,2013,10,45,20,11/07/2013,EVENING,SEX ABUSE,OTHERS,5
19,2012,8,31,21,08/04/2012,EVENING,SEX ABUSE,OTHERS,2
20,2011,11,45,8,11/01/2011,DAY,SEX ABUSE,OTHERS,4
21,2015,11,48,6,11/25/2015,MIDNIGHT,SEX ABUSE,OTHERS,4
22,2011,1,6,19,1/31/2011,EVENING,SEX ABUSE,OTHERS,1
23,2014,2,9,5,2/27/2014,MIDNIGHT,HOMICIDE,KNIFE,7
24,2013,7,30,10,7/22/2013,DAY,SEX ABUSE,OTHERS,3
25,2015,5,21,14,5/22/2015,DAY,SEX ABUSE,OTHERS,4
26,2016,2,8,0,2/19/2016,MIDNIGHT,HOMICIDE,GUN,5
27,2012,6,22,6,06/02/2012,MIDNIGHT,SEX ABUSE,OTHERS,5
28,2013,10,42,3,10/19/2013,MIDNIGHT,SEX ABUSE,GUN,6
29,2012,5,21,16,5/24/2012,EVENING,SEX ABUSE,KNIFE,7
30,2014,4,18,18,4/28/2014,EVENING,SEX ABUSE,OTHERS,2
31,2013,7,28,23,07/08/2013,MIDNIGHT,SEX ABUSE,OTHERS,3
32,2013,11,47,1,11/22/2013,MIDNIGHT,HOMICIDE,GUN,6
33,2015,10,41,19,10/08/2015,EVENING,SEX ABUSE,OTHERS,3
34,2011,10,41,0,10/08/2011,MIDNIGHT,HOMICIDE,KNIFE,4
35,2014,12,52,11,12/26/2014,DAY,SEX ABUSE,OTHERS,7
36,2014,10,43,3,10/19/2014,MIDNIGHT,SEX ABUSE,OTHERS,2
37,2012,7,29,16,7/18/2012,EVENING,SEX ABUSE,OTHERS,5
38,2011,6,26,19,6/22/2011,EVENING,SEX ABUSE,OTHERS,4
39,2011,7,30,0,7/19/2011,MIDNIGHT,HOMICIDE,GUN,4
40,2011,2,9,20,2/25/2011,EVENING,SEX ABUSE,OTHERS,4
41,2015,4,20,21,05/10/2015,EVENING,SEX ABUSE,OTHERS,7
42,2016,1,10,21,2/29/2016,EVENING,SEX ABUSE,OTHERS,3
43,2011,5,21,16,5/18/2011,EVENING,SEX ABUSE,OTHERS,7
44,2014,11,50,15,12/10/2014,EVENING,SEX ABUSE,KNIFE,5
45,2012,4,27,18,05/07/2012,EVENING,SEX ABUSE,OTHERS,7
46,2014,5,20,16,5/13/2014,EVENING,SEX ABUSE,OTHERS,5
47,2015,4,22,6,5/24/2015,MIDNIGHT,SEX ABUSE,KNIFE,3
48,2014,6,23,7,06/06/2014,DAY,SEX ABUSE,OTHERS,4
49,2011,1,9,8,2/26/2011,DAY,SEX ABUSE,OTHERS,3
50,2014,9,40,18,9/30/2014,EVENING,SEX ABUSE,OTHERS,7
51,2012,6,26,20,6/25/2012,EVENING,SEX ABUSE,OTHERS,3
52,2014,2,9,9,2/26/2014,DAY,SEX ABUSE,OTHERS,7
53,2015,8,35,7,8/24/2015,DAY,SEX ABUSE,OTHERS,4
54,2014,4,14,18,04/01/2014,EVENING,SEX ABUSE,OTHERS,5
55,2016,3,12,15,3/14/2016,EVENING,SEX ABUSE,OTHERS,3
56,2012,2,9,4,2/26/2012,MIDNIGHT,SEX ABUSE,OTHERS,5
57,2014,12,53,1,12/28/2014,MIDNIGHT,HOMICIDE,GUN,7
58,2012,6,23,16,06/08/2012,EVENING,SEX ABUSE,OTHERS,4
59,2014,7,31,0,7/31/2014,MIDNIGHT,SEX ABUSE,OTHERS,3
60,2015,2,9,7,2/25/2015,DAY,SEX ABUSE,OTHERS,4
61,2013,8,37,21,09/09/2013,EVENING,SEX ABUSE,OTHERS,7
62,2011,3,12,4,3/14/2011,MIDNIGHT,SEX ABUSE,OTHERS,7
63,2012,9,37,1,09/12/2012,MIDNIGHT,SEX ABUSE,OTHERS,6
64,2011,10,43,0,10/16/2011,MIDNIGHT,HOMICIDE,GUN,7
65,2015,11,46,8,11/09/2015,DAY,SEX ABUSE,KNIFE,5
66,2011,4,21,3,5/20/2011,MIDNIGHT,HOMICIDE,KNIFE,7
67,2011,12,51,1,12/16/2011,MIDNIGHT,SEX ABUSE,KNIFE,5
68,2011,12,49,9,12/01/2011,DAY,SEX ABUSE,OTHERS,6
69,2015,2,9,18,2/28/2015,EVENING,SEX ABUSE,OTHERS,3
70,2013,12,49,0,12/04/2013,MIDNIGHT,SEX ABUSE,OTHERS,1
71,2014,2,6,0,02/05/2014,MIDNIGHT,SEX ABUSE,GUN,6
72,2011,10,43,23,10/17/2011,MIDNIGHT,SEX ABUSE,OTHERS,2
73,2013,7,27,16,07/02/2013,EVENING,SEX ABUSE,OTHERS,5
74,2014,5,19,19,05/08/2014,EVENING,SEX ABUSE,OTHERS,2
75,2014,10,43,2,10/21/2014,MIDNIGHT,SEX ABUSE,OTHERS,7
76,2015,12,50,23,12/07/2015,MIDNIGHT,SEX ABUSE,OTHERS,6
77,2013,6,25,12,6/22/2013,DAY,SEX ABUSE,OTHERS,1
78,2015,4,14,20,04/04/2015,EVENING,SEX ABUSE,OTHERS,3
79,2014,2,6,23,02/06/2014,MIDNIGHT,SEX ABUSE,OTHERS,7
80,2012,4,14,17,04/01/2012,EVENING,SEX ABUSE,GUN,4
81,2011,8,34,2,8/14/2011,MIDNIGHT,SEX ABUSE,KNIFE,1
82,2015,6,27,0,6/28/2015,MIDNIGHT,HOMICIDE,GUN,7
83,2014,8,34,6,8/22/2014,MIDNIGHT,SEX ABUSE,OTHERS,4
84,2016,3,14,0,3/31/2016,MIDNIGHT,HOMICIDE,OTHERS,4
85,2011,8,32,0,08/06/2011,MIDNIGHT,HOMICIDE,GUN,5
86,2015,9,39,15,9/22/2015,EVENING,SEX ABUSE,OTHERS,7
87,2015,9,41,11,10/08/2015,DAY,SEX ABUSE,OTHERS,7
88,2015,5,21,18,5/18/2015,EVENING,SEX ABUSE,OTHERS,1
89,2012,3,11,17,03/12/2012,EVENING,SEX ABUSE,KNIFE,3
90,2014,5,18,5,05/03/2014,MIDNIGHT,SEX ABUSE,OTHERS,7
91,2014,3,11,23,3/14/2014,MIDNIGHT,SEX ABUSE,OTHERS,6
92,2015,2,8,13,2/17/2015,DAY,SEX ABUSE,OTHERS,2
93,2012,4,17,0,4/28/2012,MIDNIGHT,HOMICIDE,GUN,6
94,2014,1,3,23,1/14/2014,MIDNIGHT,SEX ABUSE,GUN,5
95,2012,3,17,0,4/24/2012,MIDNIGHT,HOMICIDE,OTHERS,4
96,2014,10,43,1,10/25/2014,MIDNIGHT,SEX ABUSE,OTHERS,4
97,2012,11,46,16,11/14/2012,EVENING,SEX ABUSE,OTHERS,7
98,2015,5,19,21,05/05/2015,EVENING,SEX ABUSE,OTHERS,6
99,2015,10,43,0,10/21/2015,MIDNIGHT,HOMICIDE,GUN,6
100,2013,10,44,8,10/28/2013,DAY,SEX ABUSE,OTHERS,6
101,2015,7,29,0,7/18/2015,MIDNIGHT,HOMICIDE,GUN,5
102,2013,10,44,1,10/28/2013,MIDNIGHT,HOMICIDE,OTHERS,5
103,2015,4,16,11,4/16/2015,DAY,SEX ABUSE,KNIFE,1
104,2014,6,24,4,06/11/2014,MIDNIGHT,SEX ABUSE,OTHERS,6
105,2014,2,9,0,2/28/2014,MIDNIGHT,HOMICIDE,GUN,6
106,2013,7,31,10,7/31/2013,DAY,SEX ABUSE,OTHERS,4
107,2013,10,43,5,10/22/2013,MIDNIGHT,SEX ABUSE,OTHERS,6
108,2015,2,6,23,02/04/2015,MIDNIGHT,HOMICIDE,GUN,6
109,2012,2,7,1,2/15/2012,MIDNIGHT,HOMICIDE,GUN,5
110,2012,3,13,18,3/28/2012,EVENING,SEX ABUSE,OTHERS,5
111,2013,11,46,22,11/14/2013,EVENING,SEX ABUSE,OTHERS,3
112,2012,9,43,3,10/21/2012,MIDNIGHT,SEX ABUSE,OTHERS,2
113,2012,3,12,4,3/24/2012,MIDNIGHT,SEX ABUSE,OTHERS,1
114,2011,10,42,7,10/09/2011,MIDNIGHT,SEX ABUSE,OTHERS,4
115,2015,5,22,0,5/24/2015,MIDNIGHT,SEX ABUSE,GUN,6
116,2013,8,38,1,9/19/2013,MIDNIGHT,SEX ABUSE,OTHERS,3
117,2011,4,18,5,4/26/2011,MIDNIGHT,HOMICIDE,OTHERS,6
118,2015,1,1,0,01/02/2015,MIDNIGHT,SEX ABUSE,OTHERS,2
119,2013,10,42,5,10/16/2013,MIDNIGHT,HOMICIDE,GUN,6
120,2012,3,14,22,04/03/2012,EVENING,SEX ABUSE,OTHERS,6
121,2013,11,45,0,11/08/2013,MIDNIGHT,HOMICIDE,GUN,6
122,2012,11,52,22,12/29/2012,EVENING,SEX ABUSE,GUN,6
123,2013,12,52,3,12/22/2013,MIDNIGHT,SEX ABUSE,GUN,7
124,2014,7,30,22,7/22/2014,EVENING,SEX ABUSE,OTHERS,4
125,2011,10,47,8,11/17/2011,DAY,SEX ABUSE,OTHERS,1
126,2014,4,15,0,04/11/2014,MIDNIGHT,SEX ABUSE,OTHERS,5
127,2015,7,31,0,7/30/2015,MIDNIGHT,HOMICIDE,KNIFE,3
128,2014,7,29,18,7/13/2014,EVENING,SEX ABUSE,GUN,5
129,2015,10,41,23,10/09/2015,MIDNIGHT,SEX ABUSE,OTHERS,1
130,2012,3,11,3,03/12/2012,MIDNIGHT,SEX ABUSE,OTHERS,5
131,2014,6,27,5,6/29/2014,MIDNIGHT,HOMICIDE,OTHERS,6
132,2011,3,10,2,03/02/2011,MIDNIGHT,SEX ABUSE,OTHERS,4
133,2011,1,4,21,1/18/2011,EVENING,SEX ABUSE,OTHERS,7
134,2014,2,8,18,2/21/2014,EVENING,SEX ABUSE,OTHERS,6
135,2015,11,46,23,11/09/2015,MIDNIGHT,HOMICIDE,GUN,7
136,2011,10,43,5,10/16/2011,MIDNIGHT,SEX ABUSE,OTHERS,7
137,2013,11,45,9,11/09/2013,DAY,SEX ABUSE,OTHERS,6
138,2011,6,24,6,06/09/2011,MIDNIGHT,SEX ABUSE,OTHERS,7
139,2015,1,3,0,01/11/2015,MIDNIGHT,HOMICIDE,GUN,1
140,2014,9,37,17,9/13/2014,EVENING,SEX ABUSE,OTHERS,7
141,2015,8,32,4,08/02/2015,MIDNIGHT,SEX ABUSE,OTHERS,7
142,2014,2,9,4,2/28/2014,MIDNIGHT,HOMICIDE,GUN,6
143,2015,8,34,22,8/18/2015,EVENING,SEX ABUSE,OTHERS,3
144,2013,0,5,13,1/29/2013,DAY,SEX ABUSE,OTHERS,5
145,2015,10,44,0,10/30/2015,MIDNIGHT,HOMICIDE,GUN,7
146,2016,4,18,14,4/25/2016,DAY,SEX ABUSE,GUN,6
147,2014,3,12,0,3/16/2014,MIDNIGHT,SEX ABUSE,OTHERS,7
148,2012,4,14,5,04/01/2012,MIDNIGHT,SEX ABUSE,OTHERS,1
149,2013,11,47,14,11/21/2013,DAY,SEX ABUSE,OTHERS,4
150,2014,11,45,22,11/04/2014,EVENING,SEX ABUSE,OTHERS,4
151,2013,1,5,20,1/30/2013,EVENING,SEX ABUSE,OTHERS,6
152,2013,12,52,12,12/28/2013,DAY,SEX ABUSE,OTHERS,5
153,2011,5,19,6,05/03/2011,MIDNIGHT,HOMICIDE,KNIFE,7
154,2014,1,3,0,1/15/2014,MIDNIGHT,HOMICIDE,GUN,7
155,2013,11,48,3,11/28/2013,MIDNIGHT,SEX ABUSE,OTHERS,3
156,2015,8,32,10,08/07/2015,DAY,SEX ABUSE,OTHERS,1
157,2011,8,33,12,08/12/2011,DAY,SEX ABUSE,OTHERS,5
158,2013,12,49,22,12/05/2013,EVENING,SEX ABUSE,OTHERS,1
159,2014,7,30,4,7/20/2014,MIDNIGHT,SEX ABUSE,OTHERS,2
160,2015,9,38,0,9/19/2015,MIDNIGHT,HOMICIDE,GUN,7
161,2015,9,38,4,9/16/2015,MIDNIGHT,SEX ABUSE,GUN,6
162,2014,8,34,14,8/23/2014,DAY,SEX ABUSE,OTHERS,7
163,2012,7,29,7,7/21/2012,DAY,SEX ABUSE,OTHERS,4
164,2011,11,46,16,11/06/2011,EVENING,SEX ABUSE,OTHERS,6
165,2012,4,15,0,4/14/2012,MIDNIGHT,HOMICIDE,GUN,7
166,2014,5,19,6,05/04/2014,MIDNIGHT,SEX ABUSE,OTHERS,6
167,2015,11,48,7,11/27/2015,DAY,SEX ABUSE,OTHERS,1
168,2013,5,22,11,5/31/2013,DAY,SEX ABUSE,OTHERS,6
169,2014,9,42,6,10/17/2014,MIDNIGHT,SEX ABUSE,OTHERS,4
170,2014,5,26,3,6/28/2014,MIDNIGHT,SEX ABUSE,OTHERS,6
171,2013,7,27,1,07/05/2013,MIDNIGHT,SEX ABUSE,OTHERS,1
172,2013,2,8,0,2/23/2013,MIDNIGHT,SEX ABUSE,GUN,3
173,2015,8,33,6,8/15/2015,MIDNIGHT,SEX ABUSE,OTHERS,7
174,2015,10,42,23,10/15/2015,MIDNIGHT,SEX ABUSE,GUN,7
175,2015,11,48,18,11/27/2015,EVENING,SEX ABUSE,OTHERS,2
176,2016,2,8,0,2/18/2016,MIDNIGHT,HOMICIDE,GUN,6
177,2012,5,23,18,06/04/2012,EVENING,SEX ABUSE,KNIFE,7
178,2016,4,17,7,4/17/2016,DAY,SEX ABUSE,OTHERS,3
179,2013,5,21,6,5/19/2013,MIDNIGHT,SEX ABUSE,OTHERS,3
180,2014,10,41,17,10/08/2014,EVENING,SEX ABUSE,GUN,5
181,2014,6,23,18,06/01/2014,EVENING,SEX ABUSE,OTHERS,1
182,2015,4,16,17,4/13/2015,EVENING,SEX ABUSE,OTHERS,1
183,2013,1,3,23,1/14/2013,MIDNIGHT,HOMICIDE,GUN,6
184,2014,9,38,17,9/17/2014,EVENING,SEX ABUSE,OTHERS,7
185,2014,6,24,21,6/13/2014,EVENING,SEX ABUSE,OTHERS,1
186,2013,10,48,7,11/25/2013,DAY,SEX ABUSE,KNIFE,7
187,2015,10,43,8,10/23/2015,DAY,SEX ABUSE,GUN,7
188,2012,8,32,6,08/05/2012,MIDNIGHT,SEX ABUSE,OTHERS,2
189,2012,1,5,0,1/29/2012,MIDNIGHT,HOMICIDE,OTHERS,4
190,2012,6,24,7,6/14/2012,DAY,SEX ABUSE,KNIFE,6
191,2016,1,2,0,01/09/2016,MIDNIGHT,HOMICIDE,GUN,6
192,2014,6,31,8,7/28/2014,DAY,SEX ABUSE,OTHERS,4
193,2014,6,25,23,6/17/2014,EVENING,SEX ABUSE,OTHERS,4
194,2011,11,46,21,11/09/2011,EVENING,SEX ABUSE,OTHERS,1
195,2015,3,17,23,4/24/2015,MIDNIGHT,SEX ABUSE,OTHERS,1
196,2012,3,12,0,3/18/2012,MIDNIGHT,HOMICIDE,KNIFE,5
197,2012,8,34,4,8/21/2012,MIDNIGHT,SEX ABUSE,GUN,6
198,2015,12,49,0,12/04/2015,MIDNIGHT,SEX ABUSE,GUN,7
199,2012,9,38,0,9/18/2012,MIDNIGHT,HOMICIDE,GUN,7
200,2016,1,6,20,1/31/2016,EVENING,SEX ABUSE,OTHERS,1
201,2015,8,33,6,11/08/2015,MIDNIGHT,HOMICIDE,GUN,7
202,2012,7,29,2,7/19/2012,MIDNIGHT,HOMICIDE,KNIFE,1
203,2014,5,19,23,05/07/2014,MIDNIGHT,SEX ABUSE,OTHERS,2
204,2013,1,3,23,1/16/2013,MIDNIGHT,SEX ABUSE,OTHERS,5
205,2015,7,31,1,7/28/2015,MIDNIGHT,HOMICIDE,GUN,7
206,2011,9,38,0,9/13/2011,MIDNIGHT,HOMICIDE,KNIFE,5
207,2012,7,32,2,08/08/2012,MIDNIGHT,SEX ABUSE,OTHERS,1
208,2011,4,17,0,4/19/2011,MIDNIGHT,HOMICIDE,GUN,3
209,2011,9,39,5,9/20/2011,MIDNIGHT,HOMICIDE,GUN,7
210,2012,6,25,0,6/23/2012,MIDNIGHT,HOMICIDE,GUN,4
211,2015,10,44,3,10/28/2015,MIDNIGHT,HOMICIDE,GUN,6
212,2013,8,31,9,08/03/2013,DAY,SEX ABUSE,OTHERS,7
213,2013,7,29,0,7/20/2013,MIDNIGHT,HOMICIDE,GUN,6
214,2015,3,10,0,03/07/2015,MIDNIGHT,SEX ABUSE,GUN,4
215,2012,10,41,7,10/11/2012,DAY,SEX ABUSE,OTHERS,4
216,2014,3,12,0,3/16/2014,MIDNIGHT,HOMICIDE,GUN,6
217,2012,10,43,22,10/27/2012,EVENING,HOMICIDE,GUN,7
218,2013,11,47,21,11/21/2013,EVENING,SEX ABUSE,OTHERS,4
219,2016,3,12,6,3/16/2016,MIDNIGHT,SEX ABUSE,OTHERS,4
220,2014,9,39,19,9/22/2014,EVENING,SEX ABUSE,OTHERS,4
221,2011,9,36,13,09/03/2011,DAY,SEX ABUSE,GUN,3
222,2011,9,39,7,9/24/2011,DAY,SEX ABUSE,OTHERS,6
223,2014,7,27,6,07/02/2014,MIDNIGHT,SEX ABUSE,OTHERS,6
224,2012,3,18,7,4/30/2012,DAY,SEX ABUSE,OTHERS,3
225,2012,7,29,18,7/19/2012,EVENING,SEX ABUSE,OTHERS,6
226,2014,5,22,5,5/31/2014,MIDNIGHT,HOMICIDE,GUN,1
227,2015,3,18,15,4/28/2015,EVENING,SEX ABUSE,KNIFE,1
228,2014,5,21,22,5/22/2014,EVENING,SEX ABUSE,OTHERS,4
229,2012,7,28,8,07/12/2012,DAY,SEX ABUSE,GUN,7
230,2015,3,12,0,3/19/2015,MIDNIGHT,HOMICIDE,GUN,7
231,2011,11,51,14,12/11/2011,DAY,SEX ABUSE,OTHERS,4
232,2013,4,15,0,04/09/2013,MIDNIGHT,SEX ABUSE,OTHERS,7
233,2013,2,6,0,02/03/2013,MIDNIGHT,HOMICIDE,KNIFE,3
234,2013,12,50,6,12/08/2013,MIDNIGHT,HOMICIDE,KNIFE,5
235,2012,5,19,11,05/12/2012,DAY,HOMICIDE,GUN,7
236,2013,7,29,0,7/18/2013,MIDNIGHT,HOMICIDE,GUN,6
237,2012,6,26,0,6/29/2012,MIDNIGHT,SEX ABUSE,KNIFE,3
238,2011,8,34,6,8/20/2011,MIDNIGHT,SEX ABUSE,KNIFE,1
239,2011,10,44,5,10/25/2011,MIDNIGHT,SEX ABUSE,OTHERS,7
240,2011,6,27,0,6/28/2011,MIDNIGHT,SEX ABUSE,GUN,7
241,2013,8,36,6,09/02/2013,MIDNIGHT,HOMICIDE,KNIFE,4
242,2016,3,13,1,3/22/2016,MIDNIGHT,HOMICIDE,KNIFE,6
243,2012,9,40,0,9/30/2012,MIDNIGHT,HOMICIDE,GUN,4
244,2014,1,1,20,01/04/2014,EVENING,SEX ABUSE,OTHERS,2
245,2013,12,49,15,12/06/2013,EVENING,SEX ABUSE,OTHERS,6
246,2012,2,7,0,2/18/2012,MIDNIGHT,SEX ABUSE,GUN,5
247,2015,7,27,20,07/03/2015,EVENING,SEX ABUSE,OTHERS,6
248,2013,8,35,18,8/30/2013,EVENING,SEX ABUSE,OTHERS,7
249,2014,1,4,23,1/22/2014,MIDNIGHT,SEX ABUSE,OTHERS,6
250,2015,3,14,1,3/30/2015,MIDNIGHT,HOMICIDE,GUN,4
251,2014,12,49,3,12/04/2014,MIDNIGHT,SEX ABUSE,OTHERS,2
252,2014,2,9,5,2/27/2014,MIDNIGHT,SEX ABUSE,GUN,6
253,2011,6,23,15,06/04/2011,EVENING,SEX ABUSE,KNIFE,1
254,2011,4,21,0,5/21/2011,MIDNIGHT,HOMICIDE,GUN,2
255,2013,2,5,1,02/01/2013,MIDNIGHT,HOMICIDE,OTHERS,5
256,2015,8,32,0,08/05/2015,MIDNIGHT,SEX ABUSE,OTHERS,4
257,2014,5,25,0,6/15/2014,MIDNIGHT,HOMICIDE,GUN,7
258,2011,11,47,18,11/15/2011,EVENING,SEX ABUSE,OTHERS,3
259,2013,9,38,0,9/16/2013,MIDNIGHT,HOMICIDE,GUN,1
260,2015,12,53,23,12/27/2015,MIDNIGHT,SEX ABUSE,OTHERS,1
261,2011,10,43,5,10/18/2011,MIDNIGHT,HOMICIDE,GUN,5
262,2011,6,31,16,7/26/2011,EVENING,SEX ABUSE,OTHERS,3
263,2011,5,21,4,5/16/2011,MIDNIGHT,SEX ABUSE,OTHERS,1
264,2012,2,8,0,2/23/2012,MIDNIGHT,HOMICIDE,GUN,4
265,2012,11,44,13,11/02/2012,DAY,SEX ABUSE,KNIFE,3
266,2014,2,10,15,03/05/2014,EVENING,SEX ABUSE,OTHERS,4
267,2014,2,8,17,2/19/2014,EVENING,SEX ABUSE,OTHERS,5
268,2011,3,10,9,03/04/2011,DAY,SEX ABUSE,OTHERS,4
269,2011,9,37,7,09/06/2011,DAY,SEX ABUSE,GUN,6
270,2013,6,24,6,06/12/2013,MIDNIGHT,SEX ABUSE,KNIFE,4
271,2014,5,21,0,5/20/2014,MIDNIGHT,HOMICIDE,GUN,7
272,2013,7,31,1,7/28/2013,MIDNIGHT,SEX ABUSE,OTHERS,1
273,2015,9,38,0,9/17/2015,MIDNIGHT,HOMICIDE,KNIFE,6
274,2013,12,53,0,12/31/2013,MIDNIGHT,HOMICIDE,OTHERS,6
275,2015,9,36,0,09/03/2015,MIDNIGHT,SEX ABUSE,OTHERS,6
276,2013,4,16,15,4/17/2013,EVENING,SEX ABUSE,OTHERS,4
277,2015,12,52,5,12/21/2015,MIDNIGHT,SEX ABUSE,KNIFE,4
278,2016,5,21,6,5/17/2016,MIDNIGHT,HOMICIDE,GUN,6
279,2014,12,53,2,12/30/2014,MIDNIGHT,HOMICIDE,GUN,6
280,2013,7,35,23,8/29/2013,EVENING,SEX ABUSE,OTHERS,1
281,2012,6,26,23,6/24/2012,MIDNIGHT,SEX ABUSE,OTHERS,1
282,2013,7,32,9,08/06/2013,DAY,SEX ABUSE,OTHERS,1
283,2015,6,26,21,6/27/2015,EVENING,HOMICIDE,GUN,5
284,2012,9,36,0,09/02/2012,MIDNIGHT,HOMICIDE,KNIFE,1
285,2015,5,21,6,5/21/2015,MIDNIGHT,SEX ABUSE,KNIFE,2
286,2014,4,15,12,04/06/2014,DAY,SEX ABUSE,OTHERS,5
287,2012,1,1,6,01/01/2012,MIDNIGHT,HOMICIDE,OTHERS,6
288,2013,12,50,21,12/09/2013,EVENING,SEX ABUSE,OTHERS,4
289,2015,9,37,23,09/07/2015,MIDNIGHT,SEX ABUSE,OTHERS,3
290,2016,3,14,3,3/28/2016,MIDNIGHT,SEX ABUSE,OTHERS,1
291,2013,8,37,0,9/13/2013,MIDNIGHT,HOMICIDE,GUN,5
292,2012,2,9,19,2/26/2012,EVENING,SEX ABUSE,KNIFE,4
293,2013,6,26,18,6/23/2013,EVENING,SEX ABUSE,OTHERS,3
294,2012,9,38,14,9/16/2012,DAY,SEX ABUSE,OTHERS,6
295,2015,6,26,4,6/25/2015,MIDNIGHT,SEX ABUSE,GUN,5
296,2012,11,45,0,11/10/2012,MIDNIGHT,SEX ABUSE,OTHERS,6
297,2014,8,33,19,8/14/2014,EVENING,SEX ABUSE,OTHERS,4
298,2015,1,4,4,1/19/2015,MIDNIGHT,SEX ABUSE,OTHERS,7
299,2014,11,45,16,11/07/2014,EVENING,SEX ABUSE,OTHERS,7
300,2013,4,15,0,04/07/2013,MIDNIGHT,HOMICIDE,GUN,7
301,2011,8,36,0,8/28/2011,MIDNIGHT,HOMICIDE,GUN,5
302,2013,2,9,1,2/27/2013,MIDNIGHT,SEX ABUSE,OTHERS,5
303,2011,11,53,19,12/30/2011,EVENING,SEX ABUSE,GUN,7
304,2014,7,31,23,7/30/2014,MIDNIGHT,SEX ABUSE,OTHERS,6
305,2015,11,46,9,11/13/2015,DAY,HOMICIDE,OTHERS,5
306,2015,6,26,16,6/27/2015,EVENING,SEX ABUSE,OTHERS,4
307,2011,3,14,0,3/29/2011,MIDNIGHT,HOMICIDE,GUN,5
308,2013,5,19,3,05/05/2013,MIDNIGHT,HOMICIDE,GUN,7
309,2014,12,50,22,12/08/2014,EVENING,SEX ABUSE,OTHERS,1
310,2014,10,42,23,10/13/2014,MIDNIGHT,SEX ABUSE,OTHERS,3
311,2014,10,42,10,10/18/2014,DAY,SEX ABUSE,OTHERS,5
312,2014,5,21,21,5/20/2014,EVENING,SEX ABUSE,OTHERS,1
313,2013,10,40,0,10/04/2013,MIDNIGHT,SEX ABUSE,OTHERS,6
314,2015,4,18,0,4/26/2015,MIDNIGHT,HOMICIDE,GUN,4
315,2014,11,46,11,11/11/2014,DAY,SEX ABUSE,KNIFE,1
316,2013,8,35,23,8/28/2013,MIDNIGHT,SEX ABUSE,KNIFE,1
317,2011,10,44,22,10/23/2011,EVENING,SEX ABUSE,OTHERS,1
318,2013,4,17,2,4/23/2013,MIDNIGHT,SEX ABUSE,OTHERS,5
319,2015,5,19,12,05/04/2015,DAY,SEX ABUSE,OTHERS,4
320,2015,1,2,0,01/10/2015,MIDNIGHT,HOMICIDE,GUN,4
321,2016,2,12,14,3/13/2016,DAY,SEX ABUSE,OTHERS,7
322,2012,8,32,7,08/07/2012,MIDNIGHT,SEX ABUSE,OTHERS,5
323,2011,1,1,19,01/01/2011,EVENING,SEX ABUSE,GUN,6
324,2011,1,3,0,01/10/2011,MIDNIGHT,SEX ABUSE,OTHERS,6
325,2014,1,1,3,01/01/2014,MIDNIGHT,SEX ABUSE,OTHERS,2
326,2014,3,13,0,3/29/2014,MIDNIGHT,HOMICIDE,GUN,7
327,2014,9,40,1,9/28/2014,MIDNIGHT,SEX ABUSE,OTHERS,3
328,2013,10,43,3,10/25/2013,MIDNIGHT,SEX ABUSE,OTHERS,7
329,2011,1,4,6,1/21/2011,MIDNIGHT,HOMICIDE,OTHERS,7
330,2013,10,44,13,10/31/2013,DAY,SEX ABUSE,OTHERS,7
331,2015,6,27,18,6/29/2015,EVENING,SEX ABUSE,OTHERS,1
332,2013,9,36,3,09/04/2013,MIDNIGHT,HOMICIDE,GUN,1
333,2013,2,9,0,2/25/2013,MIDNIGHT,HOMICIDE,GUN,1
334,2012,10,42,7,10/17/2012,DAY,SEX ABUSE,GUN,6
335,2011,7,31,16,7/26/2011,EVENING,SEX ABUSE,OTHERS,3
336,2015,1,4,0,1/19/2015,MIDNIGHT,HOMICIDE,GUN,7
337,2015,6,26,6,6/24/2015,MIDNIGHT,HOMICIDE,GUN,5
338,2015,12,51,3,12/18/2015,MIDNIGHT,HOMICIDE,GUN,5
339,2011,8,35,1,8/27/2011,MIDNIGHT,SEX ABUSE,OTHERS,2
340,2015,3,13,2,3/22/2015,MIDNIGHT,HOMICIDE,KNIFE,5
341,2013,1,8,5,2/22/2013,MIDNIGHT,HOMICIDE,OTHERS,6
342,2014,3,14,19,3/31/2014,EVENING,SEX ABUSE,OTHERS,7
343,2012,8,33,15,8/17/2012,DAY,SEX ABUSE,OTHERS,1
344,2013,8,33,7,8/16/2013,DAY,SEX ABUSE,OTHERS,5
345,2013,12,51,18,12/16/2013,EVENING,SEX ABUSE,OTHERS,7
346,2014,3,15,14,04/12/2014,DAY,SEX ABUSE,OTHERS,2
347,2016,5,21,0,5/16/2016,MIDNIGHT,HOMICIDE,GUN,6
348,2011,9,39,7,9/19/2011,DAY,SEX ABUSE,KNIFE,5
349,2013,10,44,3,10/30/2013,MIDNIGHT,SEX ABUSE,GUN,6
350,2014,10,43,1,10/25/2014,MIDNIGHT,HOMICIDE,GUN,5
351,2014,3,10,0,03/05/2014,MIDNIGHT,HOMICIDE,GUN,4
352,2013,1,4,17,1/24/2013,EVENING,SEX ABUSE,OTHERS,7
353,2014,2,7,0,2/14/2014,MIDNIGHT,SEX ABUSE,OTHERS,1
354,2012,11,45,2,11/04/2012,MIDNIGHT,SEX ABUSE,OTHERS,2
355,2015,4,15,1,04/05/2015,MIDNIGHT,SEX ABUSE,OTHERS,4
356,2013,12,52,3,12/28/2013,MIDNIGHT,SEX ABUSE,OTHERS,7
357,2012,9,39,1,9/25/2012,MIDNIGHT,HOMICIDE,OTHERS,1
358,2013,11,46,11,11/13/2013,DAY,SEX ABUSE,OTHERS,6
359,2014,4,16,0,4/19/2014,MIDNIGHT,HOMICIDE,KNIFE,7
360,2013,6,23,17,06/05/2013,EVENING,SEX ABUSE,OTHERS,4
361,2012,6,26,0,6/25/2012,MIDNIGHT,HOMICIDE,KNIFE,6
362,2013,11,45,1,11/03/2013,MIDNIGHT,HOMICIDE,GUN,7
363,2014,7,29,1,7/13/2014,MIDNIGHT,HOMICIDE,GUN,7
364,2014,6,25,0,6/17/2014,MIDNIGHT,HOMICIDE,OTHERS,3
365,2014,8,32,23,08/03/2014,MIDNIGHT,SEX ABUSE,OTHERS,7
366,2012,0,4,16,1/23/2012,EVENING,SEX ABUSE,OTHERS,6
367,2012,3,12,0,3/23/2012,MIDNIGHT,SEX ABUSE,KNIFE,7
368,2014,8,35,22,8/25/2014,EVENING,SEX ABUSE,OTHERS,1
369,2012,8,32,20,08/10/2012,EVENING,SEX ABUSE,OTHERS,5
370,2015,7,30,10,7/25/2015,DAY,SEX ABUSE,OTHERS,5
371,2013,11,49,10,12/05/2013,DAY,SEX ABUSE,OTHERS,7
372,2011,11,50,0,12/04/2011,MIDNIGHT,HOMICIDE,KNIFE,5
373,2015,8,34,0,8/20/2015,MIDNIGHT,HOMICIDE,GUN,7
374,2012,12,52,21,12/27/2012,EVENING,SEX ABUSE,OTHERS,6
375,2015,2,9,11,2/22/2015,DAY,SEX ABUSE,OTHERS,2
376,2014,3,14,11,3/30/2014,DAY,SEX ABUSE,OTHERS,2
377,2016,3,11,6,03/12/2016,MIDNIGHT,SEX ABUSE,OTHERS,3
378,2012,3,18,11,04/05/2012,DAY,SEX ABUSE,OTHERS,1
379,2015,5,20,0,5/13/2015,MIDNIGHT,HOMICIDE,GUN,7
380,2011,9,42,10,10/12/2011,DAY,SEX ABUSE,OTHERS,1
381,2013,4,21,0,5/25/2013,MIDNIGHT,SEX ABUSE,OTHERS,7
382,2011,8,34,22,8/18/2011,EVENING,SEX ABUSE,OTHERS,3
383,2016,1,1,5,01/01/2016,MIDNIGHT,SEX ABUSE,OTHERS,6
384,2015,7,31,16,7/27/2015,EVENING,SEX ABUSE,OTHERS,2
385,2015,5,22,4,5/25/2015,MIDNIGHT,SEX ABUSE,OTHERS,2
386,2012,9,39,19,9/27/2012,EVENING,SEX ABUSE,OTHERS,7
387,2015,5,19,21,05/07/2015,EVENING,SEX ABUSE,OTHERS,4
388,2011,10,41,14,10/04/2011,DAY,SEX ABUSE,OTHERS,1
389,2013,9,38,5,9/16/2013,MIDNIGHT,HOMICIDE,GUN,1
390,2016,4,17,2,4/19/2016,MIDNIGHT,SEX ABUSE,OTHERS,1
391,2013,3,12,16,3/23/2013,EVENING,SEX ABUSE,OTHERS,1
392,2014,4,14,3,04/02/2014,MIDNIGHT,SEX ABUSE,OTHERS,4
393,2012,9,36,0,09/02/2012,MIDNIGHT,SEX ABUSE,OTHERS,4
394,2012,8,31,0,08/04/2012,MIDNIGHT,HOMICIDE,GUN,7
395,2014,9,37,4,09/11/2014,MIDNIGHT,HOMICIDE,GUN,6
396,2016,3,12,6,3/14/2016,MIDNIGHT,SEX ABUSE,OTHERS,7
397,2011,6,27,22,6/29/2011,EVENING,SEX ABUSE,OTHERS,7
398,2016,3,10,22,03/05/2016,EVENING,SEX ABUSE,KNIFE,4
399,2013,11,44,1,11/01/2013,MIDNIGHT,HOMICIDE,GUN,4
400,2015,9,41,14,10/06/2015,DAY,SEX ABUSE,OTHERS,3
401,2013,7,30,2,7/26/2013,MIDNIGHT,HOMICIDE,GUN,3
402,2015,8,40,0,9/27/2015,MIDNIGHT,HOMICIDE,GUN,7
403,2012,3,16,2,4/17/2012,MIDNIGHT,SEX ABUSE,OTHERS,5
404,2014,12,53,1,12/29/2014,MIDNIGHT,SEX ABUSE,GUN,7
405,2015,10,43,5,10/22/2015,MIDNIGHT,HOMICIDE,KNIFE,5
406,2015,9,36,7,09/04/2015,DAY,SEX ABUSE,OTHERS,7
407,2013,6,23,3,06/04/2013,MIDNIGHT,HOMICIDE,GUN,3
408,2014,7,28,5,07/06/2014,MIDNIGHT,SEX ABUSE,OTHERS,3
409,2012,5,19,6,05/07/2012,MIDNIGHT,SEX ABUSE,OTHERS,6
410,2011,7,36,10,8/28/2011,DAY,SEX ABUSE,OTHERS,2
411,2011,11,50,0,12/10/2011,MIDNIGHT,HOMICIDE,GUN,6
412,2013,12,51,9,12/21/2013,DAY,SEX ABUSE,KNIFE,5
413,2012,12,49,4,12/08/2012,MIDNIGHT,SEX ABUSE,OTHERS,7
414,2014,12,50,4,12/09/2014,MIDNIGHT,HOMICIDE,KNIFE,7
415,2012,4,21,10,5/26/2012,DAY,SEX ABUSE,OTHERS,6
416,2014,10,43,3,10/19/2014,MIDNIGHT,SEX ABUSE,OTHERS,2
417,2011,10,49,10,11/30/2011,DAY,SEX ABUSE,OTHERS,2
418,2013,4,18,20,4/29/2013,EVENING,SEX ABUSE,OTHERS,7
419,2014,4,14,22,04/03/2014,EVENING,SEX ABUSE,OTHERS,7
420,2014,3,14,0,3/31/2014,MIDNIGHT,HOMICIDE,GUN,6
421,2016,3,12,17,3/13/2016,EVENING,SEX ABUSE,OTHERS,6
422,2014,7,28,7,07/12/2014,DAY,SEX ABUSE,OTHERS,3
423,2014,2,6,17,02/03/2014,EVENING,SEX ABUSE,OTHERS,7
424,2014,5,21,20,5/21/2014,EVENING,SEX ABUSE,OTHERS,4
425,2015,11,45,4,11/02/2015,MIDNIGHT,HOMICIDE,OTHERS,1
426,2015,6,26,17,6/27/2015,EVENING,SEX ABUSE,OTHERS,7
427,2015,5,18,0,05/02/2015,MIDNIGHT,HOMICIDE,GUN,4
428,2015,8,34,4,8/21/2015,MIDNIGHT,SEX ABUSE,OTHERS,4
429,2015,4,15,6,04/07/2015,MIDNIGHT,SEX ABUSE,OTHERS,3
430,2014,2,6,10,02/02/2014,DAY,SEX ABUSE,GUN,3
431,2014,6,27,17,6/30/2014,EVENING,SEX ABUSE,OTHERS,6
432,2013,8,36,1,09/07/2013,MIDNIGHT,HOMICIDE,GUN,7
433,2014,8,35,10,8/26/2014,DAY,SEX ABUSE,OTHERS,5
434,2014,4,19,1,05/06/2014,MIDNIGHT,SEX ABUSE,GUN,6
435,2012,5,18,4,05/03/2012,MIDNIGHT,SEX ABUSE,OTHERS,5
436,2013,4,16,19,4/17/2013,EVENING,SEX ABUSE,OTHERS,2
437,2013,10,43,19,10/22/2013,EVENING,SEX ABUSE,OTHERS,5
438,2014,3,13,15,3/29/2014,EVENING,SEX ABUSE,KNIFE,5
439,2014,8,32,12,08/03/2014,DAY,SEX ABUSE,OTHERS,6
440,2015,5,21,18,5/22/2015,EVENING,SEX ABUSE,OTHERS,4
441,2014,7,28,6,07/07/2014,MIDNIGHT,SEX ABUSE,OTHERS,1
442,2012,1,3,0,1/18/2012,MIDNIGHT,HOMICIDE,OTHERS,3
443,2015,2,12,4,3/20/2015,MIDNIGHT,HOMICIDE,KNIFE,7
444,2012,5,22,9,5/31/2012,DAY,SEX ABUSE,OTHERS,1
445,2014,11,48,0,11/28/2014,MIDNIGHT,SEX ABUSE,OTHERS,3
446,2016,4,16,0,4/13/2016,MIDNIGHT,SEX ABUSE,OTHERS,7
447,2014,1,4,14,1/23/2014,DAY,SEX ABUSE,OTHERS,1
448,2012,7,27,9,07/06/2012,DAY,SEX ABUSE,OTHERS,6
449,2014,12,49,16,12/01/2014,EVENING,SEX ABUSE,OTHERS,6
450,2012,9,37,18,9/14/2012,EVENING,SEX ABUSE,OTHERS,4
451,2015,11,47,22,11/21/2015,EVENING,SEX ABUSE,KNIFE,3
452,2013,10,40,21,10/05/2013,EVENING,SEX ABUSE,OTHERS,3
453,2012,2,8,19,2/24/2012,EVENING,SEX ABUSE,OTHERS,4
454,2013,5,21,0,5/21/2013,MIDNIGHT,SEX ABUSE,KNIFE,1
455,2013,9,39,6,9/27/2013,MIDNIGHT,SEX ABUSE,OTHERS,5
456,2013,5,18,0,05/04/2013,MIDNIGHT,SEX ABUSE,OTHERS,7
457,2012,9,36,23,09/06/2012,MIDNIGHT,SEX ABUSE,GUN,6
458,2012,11,46,21,11/11/2012,EVENING,SEX ABUSE,OTHERS,7
459,2014,7,29,15,7/14/2014,EVENING,SEX ABUSE,OTHERS,1
460,2013,9,37,11,09/08/2013,DAY,SEX ABUSE,OTHERS,5
461,2013,7,29,13,7/17/2013,DAY,SEX ABUSE,OTHERS,2
462,2015,7,34,1,8/22/2015,MIDNIGHT,HOMICIDE,GUN,6
463,2015,8,31,0,08/01/2015,MIDNIGHT,HOMICIDE,GUN,6
464,2015,6,29,6,7/18/2015,MIDNIGHT,HOMICIDE,GUN,7
465,2014,9,36,5,09/02/2014,MIDNIGHT,SEX ABUSE,OTHERS,3
466,2015,1,3,0,01/11/2015,MIDNIGHT,HOMICIDE,GUN,5
467,2013,10,40,14,10/01/2013,DAY,SEX ABUSE,OTHERS,4
468,2015,7,28,2,07/08/2015,MIDNIGHT,HOMICIDE,GUN,6
469,2013,12,49,20,12/01/2013,EVENING,SEX ABUSE,OTHERS,2
470,2014,1,2,8,01/11/2014,DAY,SEX ABUSE,OTHERS,3
471,2014,8,38,0,9/18/2014,MIDNIGHT,HOMICIDE,OTHERS,7
472,2015,6,25,0,6/14/2015,MIDNIGHT,HOMICIDE,GUN,6
473,2013,5,18,17,05/01/2013,EVENING,SEX ABUSE,OTHERS,2
474,2014,12,51,2,12/15/2014,MIDNIGHT,SEX ABUSE,OTHERS,5
475,2012,6,30,0,7/27/2012,MIDNIGHT,HOMICIDE,OTHERS,6
476,2012,2,6,14,02/08/2012,DAY,SEX ABUSE,OTHERS,3
477,2012,4,17,0,4/25/2012,MIDNIGHT,SEX ABUSE,OTHERS,1
478,2014,3,10,18,03/03/2014,EVENING,SEX ABUSE,OTHERS,4
479,2013,9,38,0,9/16/2013,MIDNIGHT,HOMICIDE,GUN,1
480,2012,7,30,9,7/24/2012,DAY,SEX ABUSE,OTHERS,1
481,2012,5,19,2,05/10/2012,MIDNIGHT,SEX ABUSE,KNIFE,5
482,2011,2,8,0,2/19/2011,MIDNIGHT,HOMICIDE,GUN,3
483,2014,6,27,0,6/29/2014,MIDNIGHT,HOMICIDE,KNIFE,6
484,2015,7,28,5,07/06/2015,MIDNIGHT,SEX ABUSE,OTHERS,4
485,2012,1,2,0,01/08/2012,MIDNIGHT,HOMICIDE,GUN,6
486,2015,8,32,11,08/08/2015,DAY,SEX ABUSE,OTHERS,6
487,2013,8,33,13,8/13/2013,DAY,SEX ABUSE,OTHERS,3
488,2011,6,27,13,6/26/2011,DAY,SEX ABUSE,OTHERS,6
489,2016,3,16,14,4/13/2016,DAY,SEX ABUSE,OTHERS,1
490,2012,11,45,11,11/05/2012,DAY,SEX ABUSE,OTHERS,3
491,2014,6,24,8,6/13/2014,DAY,SEX ABUSE,KNIFE,4
492,2012,1,3,10,1/17/2012,DAY,SEX ABUSE,GUN,5
493,2015,5,21,2,5/22/2015,MIDNIGHT,HOMICIDE,KNIFE,5
494,2013,8,34,6,8/21/2013,MIDNIGHT,HOMICIDE,GUN,7
495,2013,7,34,16,8/21/2013,EVENING,SEX ABUSE,OTHERS,1
496,2015,6,24,0,6/13/2015,MIDNIGHT,SEX ABUSE,GUN,5
497,2014,9,39,10,9/27/2014,DAY,SEX ABUSE,OTHERS,3
498,2013,4,15,22,04/08/2013,EVENING,SEX ABUSE,OTHERS,2
499,2013,7,27,0,07/05/2013,MIDNIGHT,HOMICIDE,GUN,3
